epoch,time,train/box_loss,train/cls_loss,train/dfl_loss,metrics/precision(B),metrics/recall(B),metrics/mAP50(B),metrics/mAP50-95(B),val/box_loss,val/cls_loss,val/dfl_loss,lr/pg0,lr/pg1,lr/pg2
1,5.68563,1.04431,2.64843,1.05748,0.00514,1,0.47092,0.33019,0.83215,3.09346,0.83025,0.000404412,0.000404412,0.000404412
2,11.8604,1.07146,1.41956,1.07155,0.89533,0.31232,0.69273,0.48076,0.99478,2.49687,0.96116,0.00081295,0.00081295,0.00081295
3,17.0274,1.01708,1.2358,1.06558,0.92933,0.65941,0.89635,0.73268,0.69654,2.14757,0.92656,0.00121324,0.00121324,0.00121324
4,21.9659,1.0119,1.13051,1.10257,0.95008,0.88676,0.96868,0.7283,0.83713,1.18752,0.97443,0.00121287,0.00121287,0.00121287
5,27.58,0.93063,0.99717,1.07027,0.90597,0.90628,0.96833,0.80315,0.72384,1.18066,1.03423,0.0012005,0.0012005,0.0012005
6,32.2876,0.91573,0.94658,1.07437,0.94018,0.90717,0.95466,0.61658,1.27008,1.27786,1.25494,0.00118812,0.00118812,0.00118812
7,38.1198,0.93501,0.91788,1.08743,0.94739,0.81229,0.9524,0.76949,0.80372,1.00588,0.97674,0.00117575,0.00117575,0.00117575
8,42.8018,0.88709,0.88778,1.08417,0.9801,0.92727,0.98646,0.85327,0.60405,0.77122,0.91241,0.00116337,0.00116337,0.00116337
9,47.5187,0.81134,0.77875,1.01592,0.9871,0.99505,0.995,0.8647,0.58803,0.70493,0.93728,0.001151,0.001151,0.001151
10,53.3785,0.8029,0.74925,1.02215,0.9899,0.9566,0.98412,0.75499,0.83406,0.75883,0.97945,0.00113863,0.00113863,0.00113863
11,57.953,0.79298,0.69898,1.03391,0.96462,0.96873,0.99297,0.84912,0.60867,0.72313,0.91859,0.00112625,0.00112625,0.00112625
12,63.9523,0.78356,0.68771,1.01104,0.98418,0.99841,0.995,0.81118,0.80157,0.62912,1.02484,0.00111388,0.00111388,0.00111388
13,69.0649,0.76604,0.70801,1.01014,0.94699,0.95905,0.97812,0.85544,0.50527,0.6406,0.90368,0.0011015,0.0011015,0.0011015
14,73.8648,0.77529,0.67745,1.0252,0.9763,0.99579,0.995,0.88387,0.50914,0.55467,0.89441,0.00108913,0.00108913,0.00108913
15,79.7332,0.73645,0.64698,0.99947,0.94877,0.99519,0.995,0.88672,0.51019,0.54125,0.86479,0.00107675,0.00107675,0.00107675
16,85.0544,0.73394,0.63859,1.00162,0.94988,0.992,0.99297,0.8743,0.54853,0.54701,0.87916,0.00106437,0.00106437,0.00106437
17,90.965,0.71473,0.60314,0.99196,0.96902,0.95775,0.995,0.8761,0.51058,0.51196,0.89007,0.001052,0.001052,0.001052
18,95.6357,0.68743,0.59216,0.98958,0.99062,0.95655,0.98804,0.88802,0.47532,0.50609,0.87317,0.00103962,0.00103962,0.00103962
19,100.381,0.69771,0.60644,0.98937,0.98863,0.96263,0.98816,0.86833,0.55476,0.52185,0.89141,0.00102725,0.00102725,0.00102725
20,106.271,0.71276,0.58897,1.00149,0.98217,0.96667,0.9812,0.86719,0.49131,0.56478,0.87909,0.00101488,0.00101488,0.00101488
21,110.891,0.68504,0.57535,0.97587,0.97249,0.99555,0.995,0.89618,0.45463,0.45748,0.87713,0.0010025,0.0010025,0.0010025
22,116.746,0.64381,0.53948,0.95952,0.94996,1,0.995,0.891,0.49773,0.46128,0.87564,0.000990125,0.000990125,0.000990125
23,121.279,0.64711,0.54181,0.97201,0.94484,0.99266,0.995,0.85636,0.50366,0.49153,0.88425,0.00097775,0.00097775,0.00097775
24,125.879,0.68129,0.55885,0.99345,0.99185,0.95328,0.98865,0.8805,0.46552,0.4618,0.85877,0.000965375,0.000965375,0.000965375
25,131.662,0.69566,0.54356,0.99266,0.98683,0.97981,0.99406,0.89787,0.40664,0.42132,0.85125,0.000953,0.000953,0.000953
26,136.347,0.62441,0.5125,0.95659,0.97337,0.98405,0.995,0.90236,0.40264,0.40851,0.84416,0.000940625,0.000940625,0.000940625
27,141.972,0.6449,0.51935,0.97101,0.98149,1,0.995,0.89979,0.42034,0.36693,0.84853,0.00092825,0.00092825,0.00092825
28,146.812,0.66093,0.51744,0.97777,0.99353,0.9812,0.99406,0.90484,0.43506,0.37018,0.8586,0.000915875,0.000915875,0.000915875
29,151.437,0.60695,0.49243,0.94255,0.98619,0.98565,0.995,0.90024,0.4515,0.37073,0.84741,0.0009035,0.0009035,0.0009035
30,157.439,0.61462,0.48056,0.96143,0.99196,1,0.995,0.89425,0.45768,0.35571,0.848,0.000891125,0.000891125,0.000891125
31,162.065,0.62919,0.49471,0.96434,0.98154,1,0.995,0.90804,0.40486,0.35761,0.8383,0.00087875,0.00087875,0.00087875
32,167.148,0.60423,0.45843,0.94793,0.99265,1,0.995,0.91562,0.44293,0.35099,0.86235,0.000866375,0.000866375,0.000866375
33,172.483,0.61279,0.46909,0.95928,0.98433,1,0.995,0.89021,0.46189,0.35428,0.87561,0.000854,0.000854,0.000854
34,177.114,0.57152,0.43479,0.93639,0.99008,0.98333,0.99406,0.91659,0.37602,0.34976,0.84212,0.000841625,0.000841625,0.000841625
35,182.992,0.59461,0.46737,0.94251,0.98362,0.98333,0.99324,0.89838,0.47339,0.36738,0.85197,0.00082925,0.00082925,0.00082925
36,187.648,0.61091,0.46956,0.94467,0.94518,0.97151,0.995,0.90143,0.40047,0.35812,0.83836,0.000816875,0.000816875,0.000816875
37,192.258,0.6036,0.48676,0.94828,0.98811,0.98264,0.995,0.89653,0.41477,0.35058,0.84524,0.0008045,0.0008045,0.0008045
38,198.144,0.61006,0.45804,0.95108,0.98743,0.99228,0.995,0.87755,0.50882,0.36085,0.86685,0.000792125,0.000792125,0.000792125
39,202.768,0.57376,0.4456,0.93482,0.9579,0.99694,0.99094,0.91257,0.38012,0.35264,0.83214,0.00077975,0.00077975,0.00077975
40,208.824,0.57905,0.44109,0.94218,0.98262,0.99232,0.995,0.92824,0.37852,0.32985,0.8304,0.000767375,0.000767375,0.000767375
41,213.445,0.5571,0.42648,0.92675,0.99253,1,0.995,0.91237,0.4223,0.33985,0.85557,0.000755,0.000755,0.000755
42,218.035,0.55568,0.42332,0.94347,0.9447,1,0.99297,0.8851,0.45586,0.35214,0.86026,0.000742625,0.000742625,0.000742625
43,223.923,0.56598,0.43252,0.95001,0.98739,0.98333,0.99406,0.92309,0.37346,0.32366,0.82334,0.00073025,0.00073025,0.00073025
44,228.637,0.57022,0.43574,0.93884,0.98004,0.99606,0.995,0.92125,0.35419,0.30033,0.82464,0.000717875,0.000717875,0.000717875
45,234.118,0.52647,0.40447,0.91093,0.95727,0.96818,0.995,0.92334,0.35322,0.33965,0.82211,0.0007055,0.0007055,0.0007055
46,238.974,0.56984,0.43855,0.94953,0.97479,0.9969,0.995,0.91515,0.38947,0.30749,0.83156,0.000693125,0.000693125,0.000693125
47,243.509,0.59618,0.42401,0.95106,0.99043,0.9824,0.99406,0.91542,0.37961,0.31416,0.83948,0.00068075,0.00068075,0.00068075
48,249.357,0.56003,0.42946,0.93921,0.98977,0.98318,0.995,0.93113,0.34141,0.27777,0.82082,0.000668375,0.000668375,0.000668375
49,253.896,0.55191,0.41007,0.93151,0.98515,0.99614,0.995,0.91926,0.36951,0.3123,0.84194,0.000656,0.000656,0.000656
50,259.043,0.545,0.40332,0.94552,0.96895,0.98333,0.99207,0.93145,0.3438,0.28644,0.8245,0.000643625,0.000643625,0.000643625
51,264.377,0.52918,0.39885,0.93167,0.98886,0.97575,0.99406,0.93736,0.33764,0.29561,0.82948,0.00063125,0.00063125,0.00063125
52,269.113,0.51359,0.39096,0.92559,0.98394,0.95383,0.99324,0.91369,0.39895,0.32681,0.84192,0.000618875,0.000618875,0.000618875
53,275.023,0.56162,0.40542,0.92526,0.9865,0.97933,0.995,0.94543,0.33313,0.29419,0.81434,0.0006065,0.0006065,0.0006065
54,279.608,0.50217,0.38739,0.91055,0.98114,1,0.995,0.92635,0.38178,0.28482,0.82868,0.000594125,0.000594125,0.000594125
55,284.179,0.50929,0.37712,0.91331,0.97811,0.96873,0.995,0.94449,0.34044,0.30146,0.81649,0.00058175,0.00058175,0.00058175
56,290.15,0.52879,0.38758,0.93254,0.98875,1,0.995,0.92336,0.37787,0.28076,0.83543,0.000569375,0.000569375,0.000569375
57,294.776,0.52225,0.38381,0.91675,0.99088,1,0.995,0.91362,0.38718,0.29361,0.83125,0.000557,0.000557,0.000557
58,300.466,0.48638,0.3611,0.915,0.98311,0.98333,0.99406,0.91445,0.36678,0.28326,0.82254,0.000544625,0.000544625,0.000544625
59,305.109,0.52297,0.38507,0.92733,0.97695,0.97574,0.99406,0.93166,0.33919,0.2944,0.81953,0.00053225,0.00053225,0.00053225
60,309.975,0.50745,0.37219,0.93073,0.97786,0.97092,0.99324,0.92256,0.39486,0.30521,0.83774,0.000519875,0.000519875,0.000519875
61,315.92,0.48652,0.362,0.89899,0.98939,1,0.995,0.93796,0.346,0.26498,0.81757,0.0005075,0.0005075,0.0005075
62,320.711,0.48152,0.35042,0.91384,0.98253,0.98415,0.995,0.92931,0.35028,0.2888,0.81787,0.000495125,0.000495125,0.000495125
63,325.866,0.48907,0.34201,0.90921,0.98238,0.99316,0.995,0.94252,0.34808,0.26403,0.80928,0.00048275,0.00048275,0.00048275
64,331.147,0.48263,0.3507,0.90858,0.9888,0.9819,0.995,0.93796,0.34963,0.28295,0.81568,0.000470375,0.000470375,0.000470375
65,335.762,0.49138,0.35299,0.91372,0.98181,0.98333,0.99406,0.93686,0.32617,0.28315,0.80956,0.000458,0.000458,0.000458
66,341.621,0.49047,0.35761,0.91333,0.97799,0.96667,0.99207,0.937,0.33109,0.27819,0.81601,0.000445625,0.000445625,0.000445625
67,346.181,0.46978,0.3541,0.90413,0.97079,0.96978,0.995,0.93699,0.32792,0.27988,0.82062,0.00043325,0.00043325,0.00043325
68,350.904,0.46311,0.33787,0.90044,0.98459,0.98333,0.99324,0.95639,0.31851,0.29672,0.80938,0.000420875,0.000420875,0.000420875
69,356.745,0.48162,0.34615,0.91283,0.97945,0.99403,0.995,0.9553,0.31911,0.26598,0.81018,0.0004085,0.0004085,0.0004085
70,361.43,0.47741,0.35358,0.90473,0.9681,0.97294,0.9925,0.94682,0.31409,0.30993,0.80169,0.000396125,0.000396125,0.000396125
71,367.329,0.47458,0.3449,0.9088,0.9708,0.97428,0.99406,0.94639,0.31103,0.29689,0.80514,0.00038375,0.00038375,0.00038375
72,371.927,0.46035,0.33572,0.90819,0.97625,0.98333,0.99406,0.93982,0.31071,0.26554,0.80508,0.000371375,0.000371375,0.000371375
73,376.576,0.46334,0.33529,0.9007,0.97647,0.99553,0.995,0.94249,0.30179,0.24303,0.80567,0.000359,0.000359,0.000359
74,382.643,0.43581,0.31506,0.89249,0.98211,0.99549,0.995,0.9467,0.30231,0.24371,0.79909,0.000346625,0.000346625,0.000346625
75,387.307,0.45733,0.33068,0.91133,0.99223,1,0.995,0.94143,0.30949,0.23506,0.79979,0.00033425,0.00033425,0.00033425
76,392.694,0.43334,0.32513,0.89728,0.99256,1,0.995,0.94506,0.30618,0.22436,0.80824,0.000321875,0.000321875,0.000321875
77,397.841,0.42462,0.31095,0.89278,0.97668,0.99047,0.995,0.95305,0.299,0.23327,0.80615,0.0003095,0.0003095,0.0003095
78,402.523,0.4298,0.30726,0.88887,0.95703,0.97526,0.99297,0.9472,0.29681,0.26135,0.80094,0.000297125,0.000297125,0.000297125
79,408.544,0.43949,0.33366,0.89249,0.98123,0.98932,0.995,0.93378,0.31204,0.24552,0.81373,0.00028475,0.00028475,0.00028475
80,413.256,0.43473,0.31361,0.89234,0.9751,1,0.99406,0.94665,0.29453,0.23021,0.80081,0.000272375,0.000272375,0.000272375
81,418.261,0.40929,0.31439,0.90197,0.97243,1,0.995,0.93849,0.29776,0.24584,0.79396,0.00026,0.00026,0.00026
82,423.937,0.41419,0.31219,0.88278,0.98152,1,0.995,0.93542,0.31477,0.23642,0.7966,0.000247625,0.000247625,0.000247625
83,428.559,0.43295,0.32114,0.89272,0.98998,1,0.995,0.94771,0.30627,0.23429,0.79681,0.00023525,0.00023525,0.00023525
84,434.524,0.40084,0.30289,0.88829,0.9905,0.99771,0.995,0.93777,0.29735,0.22406,0.80186,0.000222875,0.000222875,0.000222875
85,439.311,0.40821,0.30173,0.88372,0.98028,0.98333,0.99324,0.93421,0.29929,0.24814,0.80149,0.0002105,0.0002105,0.0002105
86,444.124,0.42512,0.30451,0.9,0.98573,0.98333,0.99324,0.93284,0.28779,0.24585,0.79787,0.000198125,0.000198125,0.000198125
87,450.04,0.40943,0.30199,0.88297,0.98808,0.98333,0.99406,0.93977,0.29494,0.23986,0.8011,0.00018575,0.00018575,0.00018575
88,454.774,0.41295,0.31835,0.89667,0.9858,0.98333,0.99406,0.94117,0.2989,0.23626,0.80278,0.000173375,0.000173375,0.000173375
89,460.674,0.393,0.28864,0.88827,0.98741,0.98579,0.995,0.95123,0.28937,0.21658,0.79859,0.000161,0.000161,0.000161
90,465.359,0.39794,0.28389,0.88206,0.98945,0.99261,0.995,0.94819,0.28615,0.19903,0.79683,0.000148625,0.000148625,0.000148625
91,471.996,0.39001,0.24701,0.88026,0.988,0.9774,0.99406,0.94339,0.29572,0.2384,0.80501,0.00013625,0.00013625,0.00013625
92,476.873,0.3736,0.23192,0.85409,0.98394,0.95944,0.99207,0.93781,0.29456,0.28023,0.79852,0.000123875,0.000123875,0.000123875
93,481.309,0.3743,0.23718,0.85645,0.98663,0.97571,0.99324,0.94791,0.28796,0.25283,0.79804,0.0001115,0.0001115,0.0001115
94,487.706,0.34527,0.22471,0.83848,0.98675,0.98333,0.99406,0.94939,0.29135,0.23683,0.80204,9.9125e-05,9.9125e-05,9.9125e-05
95,492.163,0.34624,0.22719,0.84939,0.98432,0.98333,0.99406,0.93313,0.30589,0.24183,0.80985,8.675e-05,8.675e-05,8.675e-05
96,496.711,0.35354,0.22597,0.84643,0.95212,0.96479,0.98938,0.92594,0.30217,0.3101,0.80932,7.4375e-05,7.4375e-05,7.4375e-05
97,502.235,0.31502,0.20924,0.83384,0.96597,0.96927,0.9925,0.94279,0.28655,0.28855,0.80296,6.2e-05,6.2e-05,6.2e-05
98,506.79,0.33339,0.21834,0.83594,0.98364,0.98333,0.99406,0.95287,0.2919,0.22826,0.80621,4.9625e-05,4.9625e-05,4.9625e-05
99,512.277,0.34282,0.21603,0.85502,0.98423,0.98333,0.99406,0.95774,0.29435,0.22903,0.80341,3.725e-05,3.725e-05,3.725e-05
100,516.919,0.32524,0.21395,0.83673,0.98379,0.98333,0.99324,0.94596,0.29047,0.22767,0.80241,2.4875e-05,2.4875e-05,2.4875e-05
